subject_id,subject_name,tutor
1,Electrical and Electronic Engineering,Tutor930
2,Economics,Tutor177
3,Biological Sciences,Tutor962
4,Geography and Environmental Sciences,Tutor270
5,Agriculture and Forestry,Tutor893
6,History of Art Architecture and Design,Tutor756
7,Physics and Astronomy,Tutor799
8,Architecture,Tutor884
9,Computer Science,Tutor253
10,Electrical and Electronic Engineering,Tutor106
11,Health And Social Care,Tutor483
12,Chemical Engineering,Tutor91
13,Accounting and Finance,Tutor226
14,Veterinary Medicine,Tutor882
15,Civil Engineering,Tutor890
16,Physics and Astronomy,Tutor569
17,Health And Social Care,Tutor911
18,Aeronautical and Manufacturing Engineering,Tutor848
19,Art and Design,Tutor299
20,Art and Design,Tutor677
21,Art and Design,Tutor640
22,Mathematics,Tutor297
23,Computer Science,Tutor136
24,Complementary Medicine,Tutor467
25,Music,Tutor867
26,Drama Dance and Cinematics,Tutor19
27,Fashion,Tutor4
28,Music,Tutor997
29,Robotics,Tutor977
30,Film Making,Tutor695
31,Occupational Therapy,Tutor5
32,History,Tutor97
33,Anatomy and Physiology,Tutor3
34,Social Policy,Tutor96
35,English,Tutor993
36,Politics,Tutor775
37,Art and Design,Tutor503
38,Dentistry,Tutor851
39,Aeronautical and Manufacturing Engineering,Tutor698
40,Aeronautical and Manufacturing Engineering,Tutor810
41,History of Art Architecture and Design,Tutor602
42,English,Tutor863
43,Materials Technology,Tutor428
44,Food Science,Tutor396
45,Criminology,Tutor556
46,Music,Tutor668
47,Sociology,Tutor731
48,Food Science,Tutor387
49,Aeronautical and Manufacturing Engineering,Tutor89
50,Forensic Science,Tutor109
51,Social Policy,Tutor632
52,Education,Tutor40
53,English,Tutor972
54,Sociology,Tutor840
55,Aeronautical and Manufacturing Engineering,Tutor754
56,Forensic Science,Tutor77
57,Forensic Science,Tutor772
58,Dentistry,Tutor410
59,Law,Tutor663
60,Information Technology,Tutor372
61,Nursing,Tutor513
62,Chemistry,Tutor629
63,Mathematics,Tutor18
64,Philosophy,Tutor644
65,Robotics,Tutor582
66,Fashion,Tutor227
67,Sociology,Tutor452
68,Geography and Environmental Sciences,Tutor861
69,Forensic Science,Tutor310
70,Biological Sciences,Tutor346
71,Mathematics,Tutor317
72,Civil Engineering,Tutor768
73,English,Tutor8
74,Marketing,Tutor311
75,Anatomy and Physiology,Tutor673
76,History,Tutor449
77,Mechanical Engineering,Tutor436
78,Geography and Environmental Sciences,Tutor261
79,Music,Tutor205
80,Chemical Engineering,Tutor55
81,Anthropology,Tutor565
82,Mathematics,Tutor381
83,Physiotherapy,Tutor848
84,Dentistry,Tutor504
85,Education,Tutor94
86,Drama Dance and Cinematics,Tutor957
87,Film Making,Tutor685
88,Psychology,Tutor279
89,History,Tutor239
90,History of Art Architecture and Design,Tutor211
91,Land and Property Management,Tutor373
92,Marketing,Tutor496
93,Computer Science,Tutor640
94,Mechanical Engineering,Tutor25
95,Physiotherapy,Tutor871
96,Sociology,Tutor808
97,Fashion,Tutor914
98,Geology,Tutor640
99,Mechanical Engineering,Tutor866
100,Creative Writing,Tutor479
101,Mathematics,Tutor219
102,Veterinary Medicine,Tutor342
103,Mechanical Engineering,Tutor527
104,Physics and Astronomy,Tutor951
105,Food Science,Tutor584
106,Hospitality Leisure Recreation and Tourism,Tutor114
107,Physiotherapy,Tutor809
108,History,Tutor820
109,Chemistry,Tutor321
110,Medical Technology,Tutor316
111,Complementary Medicine,Tutor150
112,Civil Engineering,Tutor283
113,Economics,Tutor866
114,Mechanical Engineering,Tutor144
115,Forensic Science,Tutor60
116,Mathematics,Tutor701
117,Music,Tutor126
118,History of Art Architecture and Design,Tutor385
119,Fashion,Tutor926
120,Creative Writing,Tutor499
121,Aeronautical and Manufacturing Engineering,Tutor820
122,Computer Science,Tutor239
123,Physics and Astronomy,Tutor335
124,Anthropology,Tutor393
125,Mechanical Engineering,Tutor644
126,Counselling,Tutor859
127,Hospitality Leisure Recreation and Tourism,Tutor476
128,Fashion,Tutor356
129,Physics and Astronomy,Tutor560
130,Architecture,Tutor104
131,Economics,Tutor452
132,Civil Engineering,Tutor814
133,Business and Management Studies,Tutor197
134,Health And Social Care,Tutor58
135,Politics,Tutor432
136,Occupational Therapy,Tutor711
137,Physics and Astronomy,Tutor985
138,Mathematics,Tutor488
139,Chemical Engineering,Tutor805
140,Film Making,Tutor491
141,Nursing,Tutor756
142,History of Art Architecture and Design,Tutor986
143,Mathematics,Tutor286
144,Hospitality Leisure Recreation and Tourism,Tutor640
145,Robotics,Tutor329
146,Agriculture and Forestry,Tutor421
147,Materials Technology,Tutor628
148,Physics and Astronomy,Tutor966
149,Sports Science,Tutor507
150,Sociology,Tutor276
151,Anatomy and Physiology,Tutor832
152,Social Work,Tutor215
153,Accounting and Finance,Tutor338
154,Archaeology,Tutor390
155,Robotics,Tutor389
156,Classics and Ancient History,Tutor294
157,Classics and Ancient History,Tutor982
158,Chemistry,Tutor165
159,Medical Technology,Tutor208
160,Accounting and Finance,Tutor777
161,Counselling,Tutor960
162,Communication and Media Studies,Tutor954
163,Medicine,Tutor753
164,Social Policy,Tutor977
165,Physiotherapy,Tutor253
166,Nursing,Tutor68
167,English,Tutor242
168,History of Art Architecture and Design,Tutor935
169,History of Art Architecture and Design,Tutor444
170,Youth Work,Tutor488
171,History,Tutor940
172,Dentistry,Tutor198
173,Creative Writing,Tutor349
174,Sports Science,Tutor159
175,History,Tutor846
176,Materials Technology,Tutor381
177,Food Science,Tutor1
178,Land and Property Management,Tutor765
179,Electrical and Electronic Engineering,Tutor376
180,Forensic Science,Tutor76
181,Architecture,Tutor142
182,Creative Writing,Tutor261
183,Chemical Engineering,Tutor961
184,Drama Dance and Cinematics,Tutor27
185,Dentistry,Tutor498
186,Occupational Therapy,Tutor968
187,Chemistry,Tutor286
188,Aeronautical and Manufacturing Engineering,Tutor608
189,Sports Science,Tutor589
190,Sociology,Tutor621
191,Business and Management Studies,Tutor116
192,Dentistry,Tutor855
193,Land and Property Management,Tutor801
194,Drama Dance and Cinematics,Tutor63
195,History,Tutor83
196,Mathematics,Tutor265
197,Geology,Tutor803
198,Social Policy,Tutor892
199,Philosophy,Tutor530
200,Film Making,Tutor152
201,Classics and Ancient History,Tutor193
202,Marketing,Tutor490
203,Medical Technology,Tutor823
204,Politics,Tutor622
205,Medicine,Tutor419
206,Chemistry,Tutor442
207,Fashion,Tutor766
208,Social Work,Tutor491
209,Creative Writing,Tutor531
210,Architecture,Tutor615
211,Economics,Tutor15
212,Medical Technology,Tutor670
213,Building,Tutor159
214,Agriculture and Forestry,Tutor429
215,Economics,Tutor738
216,Psychology,Tutor632
217,Computer Science,Tutor700
218,Sociology,Tutor36
219,Politics,Tutor635
220,History,Tutor502
221,Creative Writing,Tutor458
222,Sports Science,Tutor227
223,Robotics,Tutor448
224,Politics,Tutor877
225,Accounting and Finance,Tutor652
226,Forensic Science,Tutor127
227,Drama Dance and Cinematics,Tutor223
228,History of Art Architecture and Design,Tutor214
229,Accounting and Finance,Tutor118
230,Health And Social Care,Tutor660
231,Music,Tutor643
232,Social Policy,Tutor841
233,Pharmacology and Pharmacy,Tutor375
234,Veterinary Medicine,Tutor712
235,Medical Technology,Tutor910
236,Sociology,Tutor843
237,Geology,Tutor207
238,Health And Social Care,Tutor300
239,Accounting and Finance,Tutor790
240,Nursing,Tutor282
241,Building,Tutor895
242,Education,Tutor516
243,Computer Science,Tutor481
244,Electrical and Electronic Engineering,Tutor109
245,Geography and Environmental Sciences,Tutor285
246,Counselling,Tutor564
247,Youth Work,Tutor610
248,Architecture,Tutor470
249,History of Art Architecture and Design,Tutor879
250,Building,Tutor218
251,Robotics,Tutor644
252,Pharmacology and Pharmacy,Tutor825
253,English,Tutor477
254,Electrical and Electronic Engineering,Tutor833
255,Chemical Engineering,Tutor35
256,Psychology,Tutor868
257,Civil Engineering,Tutor209
258,Veterinary Medicine,Tutor921
259,Philosophy,Tutor400
260,Music,Tutor791
261,Sociology,Tutor279
262,Aeronautical and Manufacturing Engineering,Tutor273
263,Education,Tutor835
264,Dentistry,Tutor603
265,Politics,Tutor295
266,Hospitality Leisure Recreation and Tourism,Tutor48
267,Building,Tutor584
268,Mechanical Engineering,Tutor61
269,Creative Writing,Tutor584
270,Complementary Medicine,Tutor325
271,Food Science,Tutor781
272,Sports Science,Tutor257
273,Dentistry,Tutor812
274,Computer Science,Tutor947
275,Art and Design,Tutor239
276,Film Making,Tutor720
277,Mathematics,Tutor81
278,History,Tutor593
279,Land and Property Management,Tutor346
280,Linguistics,Tutor580
281,Mechanical Engineering,Tutor36
282,Building,Tutor636
283,Land and Property Management,Tutor352
284,Philosophy,Tutor273
285,Art and Design,Tutor829
286,Civil Engineering,Tutor980
287,Veterinary Medicine,Tutor590
288,Sociology,Tutor844
289,Physiotherapy,Tutor103
290,Electrical and Electronic Engineering,Tutor654
291,Building,Tutor916
292,Chemical Engineering,Tutor573
293,General Engineering,Tutor686
294,Chemistry,Tutor142
295,Physiotherapy,Tutor443
296,Robotics,Tutor702
297,Veterinary Medicine,Tutor505
298,Physics and Astronomy,Tutor178
299,Materials Technology,Tutor614
300,Medical Technology,Tutor227
301,Pharmacology and Pharmacy,Tutor199
302,Physiotherapy,Tutor956
303,Veterinary Medicine,Tutor467
304,Accounting and Finance,Tutor945
305,Economics,Tutor243
306,History of Art Architecture and Design,Tutor70
307,Occupational Therapy,Tutor385
308,Pharmacology and Pharmacy,Tutor537
309,Economics,Tutor786
310,Food Science,Tutor357
311,Marketing,Tutor18
312,Computer Science,Tutor611
313,Forensic Science,Tutor602
314,History of Art Architecture and Design,Tutor823
315,Counselling,Tutor792
316,Anatomy and Physiology,Tutor189
317,Politics,Tutor307
318,Geology,Tutor503
319,Marketing,Tutor968
320,Fashion,Tutor812
321,Sociology,Tutor975
322,Hospitality Leisure Recreation and Tourism,Tutor398
323,Psychology,Tutor540
324,General Engineering,Tutor759
325,Land and Property Management,Tutor650
326,Civil Engineering,Tutor929
327,Anatomy and Physiology,Tutor906
328,Medical Technology,Tutor761
329,Counselling,Tutor580
330,Geology,Tutor583
331,Robotics,Tutor352
332,Electrical and Electronic Engineering,Tutor237
333,Anatomy and Physiology,Tutor956
334,General Engineering,Tutor466
335,Hospitality Leisure Recreation and Tourism,Tutor466
336,Psychology,Tutor473
337,History,Tutor388
338,Communication and Media Studies,Tutor323
339,Social Work,Tutor535
340,Economics,Tutor365
341,History of Art Architecture and Design,Tutor785
342,Occupational Therapy,Tutor583
343,Complementary Medicine,Tutor769
344,Biological Sciences,Tutor611
345,Mechanical Engineering,Tutor850
346,Law,Tutor734
347,Agriculture and Forestry,Tutor691
348,Physics and Astronomy,Tutor798
349,Art and Design,Tutor534
350,Communication and Media Studies,Tutor896
351,Sociology,Tutor291
352,Film Making,Tutor93
353,Philosophy,Tutor752
354,Anthropology,Tutor672
355,Pharmacology and Pharmacy,Tutor559
356,Building,Tutor287
357,Criminology,Tutor268
358,Nursing,Tutor755
359,Law,Tutor761
360,Education,Tutor669
361,History,Tutor977
362,Philosophy,Tutor119
363,Creative Writing,Tutor309
364,Music,Tutor741
365,Pharmacology and Pharmacy,Tutor686
366,Medicine,Tutor206
367,Computer Science,Tutor496
368,Archaeology,Tutor43
369,Accounting and Finance,Tutor302
370,Agriculture and Forestry,Tutor402
371,Anatomy and Physiology,Tutor48
372,Communication and Media Studies,Tutor647
373,Chemistry,Tutor222
374,Medical Technology,Tutor16
375,Education,Tutor976
376,Criminology,Tutor859
377,Computer Science,Tutor732
378,Computer Science,Tutor999
379,Archaeology,Tutor570
380,Dentistry,Tutor292
381,Physiotherapy,Tutor511
382,Physics and Astronomy,Tutor848
383,Biological Sciences,Tutor380
384,Robotics,Tutor310
385,Chemistry,Tutor899
386,Mathematics,Tutor293
387,Civil Engineering,Tutor158
388,Philosophy,Tutor498
389,Criminology,Tutor540
390,Forensic Science,Tutor123
391,Computer Science,Tutor136
392,General Engineering,Tutor266
393,Building,Tutor687
394,Forensic Science,Tutor210
395,Linguistics,Tutor646
396,Criminology,Tutor856
397,Classics and Ancient History,Tutor454
398,Health And Social Care,Tutor121
399,Communication and Media Studies,Tutor45
400,Occupational Therapy,Tutor268
401,Physics and Astronomy,Tutor426
402,Art and Design,Tutor388
403,Philosophy,Tutor37
404,Creative Writing,Tutor757
405,Nursing,Tutor640
406,Film Making,Tutor384
407,Complementary Medicine,Tutor190
408,Medical Technology,Tutor780
409,English,Tutor815
410,Education,Tutor699
411,Anthropology,Tutor157
412,Geography and Environmental Sciences,Tutor422
413,Economics,Tutor958
414,Geography and Environmental Sciences,Tutor974
415,General Engineering,Tutor62
416,Robotics,Tutor424
417,Film Making,Tutor576
418,Film Making,Tutor836
419,Economics,Tutor592
420,Youth Work,Tutor547
421,Social Work,Tutor825
422,Geography and Environmental Sciences,Tutor946
423,Building,Tutor622
424,Marketing,Tutor663
425,Health And Social Care,Tutor919
426,Classics and Ancient History,Tutor895
427,English,Tutor754
428,Education,Tutor105
429,Nursing,Tutor403
430,English,Tutor819
431,General Engineering,Tutor2
432,English,Tutor775
433,Linguistics,Tutor320
434,Architecture,Tutor137
435,Occupational Therapy,Tutor525
436,Sociology,Tutor336
437,English,Tutor776
438,Physiotherapy,Tutor998
439,Youth Work,Tutor420
440,Youth Work,Tutor6
441,Computer Science,Tutor188
442,Forensic Science,Tutor689
443,Nursing,Tutor771
444,History of Art Architecture and Design,Tutor229
445,Electrical and Electronic Engineering,Tutor330
446,General Engineering,Tutor283
447,Veterinary Medicine,Tutor367
448,Creative Writing,Tutor899
449,Counselling,Tutor358
450,Linguistics,Tutor662
451,Classics and Ancient History,Tutor687
452,Sports Science,Tutor592
453,Building,Tutor731
454,Geography and Environmental Sciences,Tutor944
455,Medical Technology,Tutor244
456,Materials Technology,Tutor109
457,Sociology,Tutor225
458,Geography and Environmental Sciences,Tutor550
459,Law,Tutor35
460,English,Tutor654
461,General Engineering,Tutor886
462,Sports Science,Tutor203
463,Mathematics,Tutor439
464,Counselling,Tutor122
465,Business and Management Studies,Tutor367
466,Economics,Tutor584
467,Art and Design,Tutor521
468,Anatomy and Physiology,Tutor415
469,Architecture,Tutor726
470,Marketing,Tutor787
471,Fashion,Tutor602
472,Psychology,Tutor760
473,Hospitality Leisure Recreation and Tourism,Tutor34
474,Education,Tutor10
475,Aeronautical and Manufacturing Engineering,Tutor805
476,Fashion,Tutor697
477,Dentistry,Tutor748
478,Marketing,Tutor31
479,Classics and Ancient History,Tutor63
480,Materials Technology,Tutor374
481,Health And Social Care,Tutor518
482,Dentistry,Tutor907
483,Forensic Science,Tutor480
484,Physics and Astronomy,Tutor561
485,Anatomy and Physiology,Tutor396
486,Occupational Therapy,Tutor548
487,Occupational Therapy,Tutor450
488,Social Policy,Tutor835
489,Chemical Engineering,Tutor708
490,Economics,Tutor169
491,Sports Science,Tutor6
492,Nursing,Tutor424
493,Creative Writing,Tutor783
494,History,Tutor130
495,Classics and Ancient History,Tutor179
496,Linguistics,Tutor165
497,Dentistry,Tutor391
498,Food Science,Tutor370
499,Medicine,Tutor761
500,Economics,Tutor571
501,Building,Tutor561
502,Information Technology,Tutor831
503,Counselling,Tutor167
504,Pharmacology and Pharmacy,Tutor395
505,Occupational Therapy,Tutor306
506,Film Making,Tutor686
507,Philosophy,Tutor986
508,Law,Tutor9
509,Physiotherapy,Tutor780
510,Electrical and Electronic Engineering,Tutor305
511,Marketing,Tutor40
512,Counselling,Tutor138
513,Communication and Media Studies,Tutor623
514,Pharmacology and Pharmacy,Tutor218
515,Linguistics,Tutor14
516,Agriculture and Forestry,Tutor992
517,Education,Tutor898
518,Materials Technology,Tutor127
519,Land and Property Management,Tutor719
520,Youth Work,Tutor42
521,Physiotherapy,Tutor33
522,Mathematics,Tutor438
523,Psychology,Tutor38
524,Materials Technology,Tutor806
525,Pharmacology and Pharmacy,Tutor566
526,Creative Writing,Tutor807
527,Food Science,Tutor0
528,Sociology,Tutor922
529,Education,Tutor538
530,Social Policy,Tutor263
531,Mechanical Engineering,Tutor900
532,Robotics,Tutor227
533,Sociology,Tutor618
534,Agriculture and Forestry,Tutor865
535,Information Technology,Tutor764
536,Information Technology,Tutor246
537,Computer Science,Tutor772
538,Mathematics,Tutor548
539,Pharmacology and Pharmacy,Tutor684
540,Economics,Tutor437
541,Linguistics,Tutor545
542,Information Technology,Tutor522
543,Agriculture and Forestry,Tutor303
544,History,Tutor735
545,Veterinary Medicine,Tutor51
546,History,Tutor332
547,Mechanical Engineering,Tutor95
548,Social Policy,Tutor259
549,Fashion,Tutor717
550,Complementary Medicine,Tutor360
551,Hospitality Leisure Recreation and Tourism,Tutor916
552,Nursing,Tutor274
553,Medicine,Tutor48
554,Law,Tutor253
555,Dentistry,Tutor561
556,Electrical and Electronic Engineering,Tutor945
557,Architecture,Tutor626
558,Criminology,Tutor331
559,Education,Tutor723
560,Civil Engineering,Tutor934
561,English,Tutor598
562,Communication and Media Studies,Tutor606
563,Philosophy,Tutor787
564,Music,Tutor689
565,Sports Science,Tutor992
566,Materials Technology,Tutor994
567,Computer Science,Tutor817
568,Law,Tutor162
569,Politics,Tutor567
570,Health And Social Care,Tutor973
571,Social Policy,Tutor344
572,Physiotherapy,Tutor959
573,Hospitality Leisure Recreation and Tourism,Tutor324
574,Business and Management Studies,Tutor721
575,Agriculture and Forestry,Tutor839
576,Law,Tutor612
577,Forensic Science,Tutor943
578,Electrical and Electronic Engineering,Tutor41
579,Medicine,Tutor148
580,Hospitality Leisure Recreation and Tourism,Tutor482
581,Business and Management Studies,Tutor919
582,Building,Tutor992
583,Psychology,Tutor72
584,English,Tutor930
585,Food Science,Tutor320
586,Communication and Media Studies,Tutor679
587,Forensic Science,Tutor159
588,Mechanical Engineering,Tutor633
589,Archaeology,Tutor331
590,Art and Design,Tutor206
591,Fashion,Tutor655
592,Social Policy,Tutor76
593,Youth Work,Tutor179
594,Business and Management Studies,Tutor976
595,English,Tutor125
596,Business and Management Studies,Tutor563
597,Accounting and Finance,Tutor300
598,Materials Technology,Tutor961
599,Accounting and Finance,Tutor829
600,Aeronautical and Manufacturing Engineering,Tutor719
601,Materials Technology,Tutor364
602,Food Science,Tutor120
603,Complementary Medicine,Tutor329
604,Politics,Tutor133
605,Social Policy,Tutor188
606,Film Making,Tutor239
607,Creative Writing,Tutor782
608,Classics and Ancient History,Tutor850
609,Food Science,Tutor958
610,Physics and Astronomy,Tutor480
611,Politics,Tutor268
612,Building,Tutor398
613,Information Technology,Tutor189
614,Pharmacology and Pharmacy,Tutor735
615,Health And Social Care,Tutor28
616,Psychology,Tutor763
617,Dentistry,Tutor586
618,Geography and Environmental Sciences,Tutor228
619,Mathematics,Tutor257
620,Information Technology,Tutor765
621,Nursing,Tutor419
622,Education,Tutor704
623,General Engineering,Tutor385
624,Philosophy,Tutor442
625,Communication and Media Studies,Tutor859
626,Architecture,Tutor692
627,Geography and Environmental Sciences,Tutor220
628,Mathematics,Tutor913
629,Mathematics,Tutor54
630,Physiotherapy,Tutor799
631,Fashion,Tutor249
632,Communication and Media Studies,Tutor164
633,Anatomy and Physiology,Tutor859
634,Civil Engineering,Tutor551
635,Dentistry,Tutor765
636,Hospitality Leisure Recreation and Tourism,Tutor135
637,Physiotherapy,Tutor490
638,Chemistry,Tutor884
639,Information Technology,Tutor509
640,Pharmacology and Pharmacy,Tutor688
641,Mechanical Engineering,Tutor398
642,Mathematics,Tutor330
643,Hospitality Leisure Recreation and Tourism,Tutor544
644,Anatomy and Physiology,Tutor679
645,Economics,Tutor794
646,Pharmacology and Pharmacy,Tutor85
647,Land and Property Management,Tutor576
648,Land and Property Management,Tutor565
649,Hospitality Leisure Recreation and Tourism,Tutor813
650,Food Science,Tutor700
651,Social Work,Tutor143
652,Classics and Ancient History,Tutor358
653,Anthropology,Tutor871
654,Social Work,Tutor320
655,Computer Science,Tutor812
656,Economics,Tutor217
657,Sociology,Tutor763
658,Youth Work,Tutor707
659,Business and Management Studies,Tutor573
660,Nursing,Tutor324
661,Chemistry,Tutor189
662,Classics and Ancient History,Tutor220
663,General Engineering,Tutor356
664,Psychology,Tutor738
665,Social Policy,Tutor299
666,Veterinary Medicine,Tutor991
667,English,Tutor965
668,Materials Technology,Tutor407
669,Fashion,Tutor854
670,Information Technology,Tutor783
671,Communication and Media Studies,Tutor283
672,Physics and Astronomy,Tutor79
673,Education,Tutor487
674,Veterinary Medicine,Tutor222
675,Chemical Engineering,Tutor936
676,Mathematics,Tutor980
677,Materials Technology,Tutor196
678,Information Technology,Tutor161
679,Philosophy,Tutor683
680,Electrical and Electronic Engineering,Tutor191
681,Materials Technology,Tutor178
682,Linguistics,Tutor934
683,Chemical Engineering,Tutor369
684,Architecture,Tutor588
685,Law,Tutor602
686,Sociology,Tutor846
687,Robotics,Tutor414
688,Aeronautical and Manufacturing Engineering,Tutor504
689,Agriculture and Forestry,Tutor662
690,Chemistry,Tutor645
691,Anthropology,Tutor699
692,Geology,Tutor708
693,Classics and Ancient History,Tutor322
694,Politics,Tutor31
695,Anthropology,Tutor359
696,Medicine,Tutor569
697,Classics and Ancient History,Tutor853
698,Anthropology,Tutor723
699,Chemistry,Tutor48
700,Linguistics,Tutor26
701,Geology,Tutor247
702,Materials Technology,Tutor977
703,Philosophy,Tutor409
704,Geography and Environmental Sciences,Tutor983
705,Linguistics,Tutor979
706,Youth Work,Tutor173
707,Film Making,Tutor715
708,Economics,Tutor790
709,Dentistry,Tutor76
710,Economics,Tutor643
711,Chemistry,Tutor110
712,History of Art Architecture and Design,Tutor370
713,Aeronautical and Manufacturing Engineering,Tutor897
714,Pharmacology and Pharmacy,Tutor826
715,Drama Dance and Cinematics,Tutor62
716,Information Technology,Tutor574
717,Anthropology,Tutor42
718,Education,Tutor60
719,Marketing,Tutor448
720,Art and Design,Tutor312
721,Economics,Tutor962
722,Philosophy,Tutor457
723,Economics,Tutor948
724,Mechanical Engineering,Tutor8
725,Creative Writing,Tutor453
726,Psychology,Tutor817
727,Politics,Tutor698
728,Archaeology,Tutor520
729,Occupational Therapy,Tutor73
730,Marketing,Tutor225
731,Music,Tutor591
732,Education,Tutor371
733,Archaeology,Tutor558
734,Pharmacology and Pharmacy,Tutor498
735,Art and Design,Tutor871
736,General Engineering,Tutor855
737,General Engineering,Tutor192
738,Music,Tutor815
739,Marketing,Tutor578
740,Education,Tutor949
741,Chemical Engineering,Tutor481
742,Chemical Engineering,Tutor140
743,Biological Sciences,Tutor104
744,General Engineering,Tutor606
745,Physiotherapy,Tutor673
746,Philosophy,Tutor202
747,Communication and Media Studies,Tutor743
748,Information Technology,Tutor189
749,Electrical and Electronic Engineering,Tutor352
750,Occupational Therapy,Tutor911
751,Business and Management Studies,Tutor49
752,Music,Tutor153
753,Information Technology,Tutor384
754,Chemical Engineering,Tutor640
755,Philosophy,Tutor88
756,Aeronautical and Manufacturing Engineering,Tutor833
757,Classics and Ancient History,Tutor989
758,Law,Tutor473
759,History,Tutor317
760,Civil Engineering,Tutor319
761,Creative Writing,Tutor974
762,Robotics,Tutor681
763,Mechanical Engineering,Tutor73
764,Veterinary Medicine,Tutor16
765,Physiotherapy,Tutor323
766,Linguistics,Tutor841
767,Economics,Tutor252
768,Business and Management Studies,Tutor64
769,Pharmacology and Pharmacy,Tutor206
770,Land and Property Management,Tutor243
771,Robotics,Tutor260
772,Food Science,Tutor376
773,Marketing,Tutor76
774,Education,Tutor596
775,Marketing,Tutor307
776,Architecture,Tutor458
777,Economics,Tutor819
778,Robotics,Tutor412
779,Physics and Astronomy,Tutor867
780,Fashion,Tutor184
781,Medical Technology,Tutor835
782,Chemical Engineering,Tutor802
783,History of Art Architecture and Design,Tutor603
784,Archaeology,Tutor666
785,Film Making,Tutor375
786,Information Technology,Tutor122
787,Architecture,Tutor369
788,Land and Property Management,Tutor519
789,Physics and Astronomy,Tutor331
790,English,Tutor953
791,Art and Design,Tutor846
792,Communication and Media Studies,Tutor528
793,History of Art Architecture and Design,Tutor677
794,Business and Management Studies,Tutor509
795,History of Art Architecture and Design,Tutor591
796,Physiotherapy,Tutor682
797,Aeronautical and Manufacturing Engineering,Tutor237
798,Building,Tutor407
799,Information Technology,Tutor441
800,Physics and Astronomy,Tutor794
801,Music,Tutor78
802,Anthropology,Tutor834
803,Economics,Tutor122
804,Drama Dance and Cinematics,Tutor656
805,Medical Technology,Tutor765
806,Drama Dance and Cinematics,Tutor131
807,Social Work,Tutor748
808,Sociology,Tutor622
809,Biological Sciences,Tutor119
810,Aeronautical and Manufacturing Engineering,Tutor32
811,Robotics,Tutor707
812,Business and Management Studies,Tutor64
813,Biological Sciences,Tutor84
814,Criminology,Tutor187
815,Communication and Media Studies,Tutor667
816,Pharmacology and Pharmacy,Tutor284
817,Biological Sciences,Tutor608
818,Economics,Tutor894
819,Food Science,Tutor916
820,Physics and Astronomy,Tutor457
821,Veterinary Medicine,Tutor422
822,Art and Design,Tutor790
823,History,Tutor648
824,Chemistry,Tutor545
825,Architecture,Tutor365
826,Materials Technology,Tutor682
827,General Engineering,Tutor241
828,Anatomy and Physiology,Tutor792
829,Drama Dance and Cinematics,Tutor117
830,Veterinary Medicine,Tutor611
831,English,Tutor245
832,Forensic Science,Tutor804
833,Creative Writing,Tutor800
834,Sports Science,Tutor915
835,Complementary Medicine,Tutor532
836,Nursing,Tutor701
837,Veterinary Medicine,Tutor3
838,Complementary Medicine,Tutor384
839,Veterinary Medicine,Tutor750
840,Criminology,Tutor388
841,Music,Tutor772
842,Land and Property Management,Tutor527
843,Marketing,Tutor479
844,Youth Work,Tutor629
845,Politics,Tutor755
846,Building,Tutor27
847,Health And Social Care,Tutor227
848,Physiotherapy,Tutor382
849,Architecture,Tutor35
850,Sociology,Tutor429
851,General Engineering,Tutor276
852,Computer Science,Tutor168
853,Nursing,Tutor103
854,Computer Science,Tutor619
855,Mathematics,Tutor577
856,Civil Engineering,Tutor643
857,Occupational Therapy,Tutor455
858,Creative Writing,Tutor91
859,Art and Design,Tutor711
860,Physiotherapy,Tutor3
861,Forensic Science,Tutor418
862,Anthropology,Tutor94
863,Sociology,Tutor458
864,Geology,Tutor695
865,Art and Design,Tutor395
866,Physiotherapy,Tutor56
867,Linguistics,Tutor385
868,Geology,Tutor862
869,Social Work,Tutor63
870,Economics,Tutor420
871,Medicine,Tutor39
872,Linguistics,Tutor538
873,Medical Technology,Tutor787
874,General Engineering,Tutor233
875,Accounting and Finance,Tutor454
876,Social Work,Tutor838
877,Physics and Astronomy,Tutor239
878,Health And Social Care,Tutor977
879,Physics and Astronomy,Tutor683
880,English,Tutor473
881,Youth Work,Tutor743
882,Hospitality Leisure Recreation and Tourism,Tutor543
883,Dentistry,Tutor279
884,Aeronautical and Manufacturing Engineering,Tutor859
885,Architecture,Tutor894
886,English,Tutor166
887,Electrical and Electronic Engineering,Tutor442
888,Chemistry,Tutor261
889,Anatomy and Physiology,Tutor619
890,Land and Property Management,Tutor686
891,Philosophy,Tutor376
892,Geology,Tutor995
893,Film Making,Tutor133
894,Forensic Science,Tutor952
895,Sports Science,Tutor645
896,Youth Work,Tutor194
897,Information Technology,Tutor353
898,Information Technology,Tutor262
899,Nursing,Tutor962
900,Physics and Astronomy,Tutor252
901,Medicine,Tutor464
902,Criminology,Tutor598
903,Counselling,Tutor415
904,Communication and Media Studies,Tutor280
905,Marketing,Tutor803
906,Agriculture and Forestry,Tutor790
907,Information Technology,Tutor41
908,Philosophy,Tutor476
909,Chemistry,Tutor377
910,Complementary Medicine,Tutor902
911,Sociology,Tutor331
912,Chemical Engineering,Tutor125
913,Physics and Astronomy,Tutor893
914,Accounting and Finance,Tutor523
915,Social Work,Tutor166
916,Chemical Engineering,Tutor731
917,Economics,Tutor114
918,Geography and Environmental Sciences,Tutor296
919,Psychology,Tutor947
920,History of Art Architecture and Design,Tutor512
921,Accounting and Finance,Tutor832
922,Chemistry,Tutor364
923,Accounting and Finance,Tutor68
924,General Engineering,Tutor63
925,History,Tutor486
926,Food Science,Tutor584
927,Electrical and Electronic Engineering,Tutor801
928,Physics and Astronomy,Tutor654
929,Computer Science,Tutor895
930,Communication and Media Studies,Tutor40
931,General Engineering,Tutor567
932,Art and Design,Tutor198
933,Agriculture and Forestry,Tutor359
934,Politics,Tutor359
935,Electrical and Electronic Engineering,Tutor864
936,Biological Sciences,Tutor679
937,Hospitality Leisure Recreation and Tourism,Tutor549
938,Materials Technology,Tutor301
939,Hospitality Leisure Recreation and Tourism,Tutor943
940,Geography and Environmental Sciences,Tutor783
941,Economics,Tutor193
942,Business and Management Studies,Tutor242
943,Information Technology,Tutor586
944,Occupational Therapy,Tutor386
945,Geography and Environmental Sciences,Tutor748
946,Education,Tutor577
947,Materials Technology,Tutor928
948,Law,Tutor248
949,Film Making,Tutor548
950,Philosophy,Tutor832
951,Drama Dance and Cinematics,Tutor435
952,Counselling,Tutor539
953,Anatomy and Physiology,Tutor631
954,Civil Engineering,Tutor236
955,Social Work,Tutor757
956,Law,Tutor736
957,Drama Dance and Cinematics,Tutor244
958,Physics and Astronomy,Tutor935
959,Aeronautical and Manufacturing Engineering,Tutor900
960,History of Art Architecture and Design,Tutor755
961,Criminology,Tutor943
962,Business and Management Studies,Tutor876
963,Sports Science,Tutor615
964,Music,Tutor333
965,Agriculture and Forestry,Tutor900
966,Occupational Therapy,Tutor215
967,Communication and Media Studies,Tutor224
968,Counselling,Tutor759
969,Mathematics,Tutor545
970,Health And Social Care,Tutor942
971,Classics and Ancient History,Tutor305
972,Computer Science,Tutor294
973,Biological Sciences,Tutor782
974,Mathematics,Tutor108
975,Dentistry,Tutor825
976,Hospitality Leisure Recreation and Tourism,Tutor471
977,Forensic Science,Tutor85
978,Linguistics,Tutor787
979,Dentistry,Tutor494
980,Anthropology,Tutor617
981,Sociology,Tutor740
982,Psychology,Tutor127
983,Sociology,Tutor490
984,Chemistry,Tutor311
985,Information Technology,Tutor927
986,Classics and Ancient History,Tutor391
987,Food Science,Tutor489
988,Physics and Astronomy,Tutor653
989,Youth Work,Tutor0
990,Information Technology,Tutor629
991,Education,Tutor670
992,Art and Design,Tutor176
993,Food Science,Tutor153
994,Forensic Science,Tutor66
995,Medical Technology,Tutor395
996,Computer Science,Tutor873
997,Politics,Tutor279
998,Sports Science,Tutor5
999,Electrical and Electronic Engineering,Tutor479
1000,Anthropology,Tutor816
